Autor,alias
A M Low,A-M-Low
Jon J Deegan,Jon-J-Deegan
vários,varios
Fred Hoyle,Fred-Hoyle
Karel Capek,Karel-Capek
Martin Caidin,Martin-Caidin
Martin Caidin,Martin-Caidin
Clifford D Simak,Clifford-D-Simak
Charles Eric Maine,Charles-Eric-Maine
Stefan Wul,Stefan-Wul
Ray Bradbury,Ray-Bradbury
J G Ballard,J-G-Ballard
Robert A Heinlein,Robert-A-Heinlein
Poul Anderson,Poul-Anderson
Robert A Heinlein,Robert-A-Heinlein
Clifford D Simak,Clifford-D-Simak
Murray Leinster,Murray-Leinster
A E Van Vogt,A-E-Van-Vogt
J G Ballard,J-G-Ballard
Charles Eric Maine,Charles-Eric-Maine
Clifford D Simak,Clifford-D-Simak
Murray Leinster,Murray-Leinster
Robert A Heinlein,Robert-A-Heinlein
Bryan Berry,Bryan-Berry
Robert A Heinlein,Robert-A-Heinlein
John Wyndham,John-Wyndham
Edmund Cooper,Edmund-Cooper
Clifford D Simak,Clifford-D-Simak
Robert A Heinlein,Robert-A-Heinlein
Robert A Heinlein,Robert-A-Heinlein
Poul Anderson,Poul-Anderson
A E Van Vogt,A-E-Van-Vogt
Murray Leinster,Murray-Leinster
Robert A Heinlein,Robert-A-Heinlein
Curt Siodmak,Curt-Siodmak
Paul W Fairman,Paul-W-Fairman
Clifford D Simak,Clifford-D-Simak
Clifford D Simak,Clifford-D-Simak
Robert A Heinlein,Robert-A-Heinlein
Edmond Hamilton,Edmond-Hamilton
Murray Leinster,Murray-Leinster
A E Van Vogt,A-E-Van-Vogt
Edmund Cooper,Edmund-Cooper
Robert A Heinlein,Robert-A-Heinlein
Martin Caidin,Martin-Caidin
Martin Caidin,Martin-Caidin
Roy Sheldon,Roy-Sheldon
Charles Eric Maine,Charles-Eric-Maine
Clifford D Simak,Clifford-D-Simak
Clifford D Simak,Clifford-D-Simak
Murray Leinster,Murray-Leinster
Poul Anderson,Poul-Anderson
Robert M Williams,Robert-M-Williams
Poul Anderson,Poul-Anderson
Lloyd Biggle Jr,Lloyd-Biggle-Jr
Clifford D Simak,Clifford-D-Simak
Keith Laumer,Keith-Laumer
E C Tubb,E-C-Tubb
E C Tubb,E-C-Tubb
Frederik Pohl,Frederik-Pohl
Murray Leinster,Murray-Leinster
A E Van Vogt,A-E-Van-Vogt
Keith Roberts,Keith-Roberts
Frederik Pohl,Frederik-Pohl
A E Van Vogt,A-E-Van-Vogt
Murray Leinster,Murray-Leinster
Kurt Vonnegut,Kurt-Vonnegut
Kurt Vonnegut,Kurt-Vonnegut
Eric Frank Russell,Eric-Frank-Russell
Keith Laumer,Keith-Laumer
Philip José Farmer,Philip-Jose-Farmer
Arthur C Clarke,Arthur-C-Clarke
Clifford D Simak,Clifford-D-Simak
Murray Leinster,Murray-Leinster
Edmund Cooper,Edmund-Cooper
Alexei Panshin,Alexei-Panshin
Frederik Pohl,Frederik-Pohl
Lloyd Biggle Jr,Lloyd-Biggle-Jr
Walter M Miller Jr,Walter-M-Miller-Jr
J Leslie Mitchell,J-Leslie-Mitchell
Walter M Miller Jr,Walter-M-Miller-Jr
Walter M Miller Jr,Walter-M-Miller-Jr
Edmund Cooper,Edmund-Cooper
Fred Hoyle,Fred-Hoyle
Lloyd Biggle Jr,Lloyd-Biggle-Jr
James White,James-White
Fred Hoyle,Fred-Hoyle
A E Van Vogt,A-E-Van-Vogt
A E Van Vogt,A-E-Van-Vogt
Frederik Pohl,Frederik-Pohl
Ray Bradbury,Ray-Bradbury
John Brunner,John-Brunner
James White,James-White
Robert A Heinlein,Robert-A-Heinlein
Robert A Heinlein,Robert-A-Heinlein
Clifford D Simak,Clifford-D-Simak
Frederik Pohl,Frederik-Pohl
Poul Anderson,Poul-Anderson
Curt Siodmak,Curt-Siodmak
Frederik Pohl,Frederik-Pohl
Frederik Pohl,Frederik-Pohl
Charles Eric Maine,Charles-Eric-Maine
Robert A Heinlein,Robert-A-Heinlein
E C Tubb,E-C-Tubb
Lan Wright,Lan-Wright
Philip E High,Philip-E-High
Frederik Pohl,Frederik-Pohl
George Zebrowski,George-Zebrowski
Ray Cummings,Ray-Cummings
L Sprague de Camp,L-Sprague-de-Camp
Theodore Sturgeon,Theodore-Sturgeon
Algis Budrys,Algis-Budrys
Festus Pragnell,Festus-Pragnell
Robert A Heinlein,Robert-A-Heinlein
Fred Saberhagen,Fred-Saberhagen
Fred Saberhagen,Fred-Saberhagen
John Brunner,John-Brunner
John Rackam,John-Rackam
Hal Clement,Hal-Clement
John Brunner,John-Brunner
Clifford D Simak,Clifford-D-Simak
Philip K Dick,Philip-K-Dick
James White,James-White
Frederik Pohl,Frederik-Pohl
Isaac Asimov,Isaac-Asimov
Clifford D Simak,Clifford-D-Simak
Robert A Heinlein,Robert-A-Heinlein
Keith Laumer,Keith-Laumer
Stuart J Byrne,Stuart-J-Byrne
James White,James-White
Charles Eric Maine,Charles-Eric-Maine
Murray Leinster,Murray-Leinster
Robert A Heinlein,Robert-A-Heinlein
Robert A Heinlein,Robert-A-Heinlein
Robert A Heinlein,Robert-A-Heinlein
Pierre Versins,Pierre-Versins
James White,James-White
John Brunner,John-Brunner
Curt Siodmak,Curt-Siodmak
James White,James-White
Ray Bradbury,Ray-Bradbury
A E Van Vogt,A-E-Van-Vogt
Robert A Heinlein,Robert-A-Heinlein
Clifford D Simak,Clifford-D-Simak
Fredric Brown,Fredric-Brown
A E Van Vogt,A-E-Van-Vogt
A E Van Vogt,A-E-Van-Vogt
J G Ballard,J-G-Ballard
Frederik Pohl,Frederik-Pohl
Edmond Hamilton,Edmond-Hamilton
Clifford D Simak,Clifford-D-Simak
A E Van Vogt,A-E-Van-Vogt
John Brunner,John-Brunner
Robert A Heinlein,Robert-A-Heinlein
Edmond Hamilton,Edmond-Hamilton
Clifford D Simak,Clifford-D-Simak
Arthur C Clarke,Arthur-C-Clarke
Roger Sorez,Roger-Sorez
John Brunner,John-Brunner
Alfred Bester,Alfred-Bester
Clifford D Simak,Clifford-D-Simak
Robert A Heinlein,Robert-A-Heinlein
Robert A Heinlein,Robert-A-Heinlein
Robert A Heinlein,Robert-A-Heinlein
Ray Bradbury,Ray-Bradbury
A E Van Vogt,A-E-Van-Vogt
Guy Snyder,Guy-Snyder
Ben Bova,Ben-Bova
Jerry Sohl,Jerry-Sohl
C M Kornbluth,C-M-Kornbluth
Pierre Barbet,Pierre-Barbet
Fred Hoyle,Fred-Hoyle
A E Van Vogt,A-E-Van-Vogt
Ray Bradbury,Ray-Bradbury
Cleve Cartmill,Cleve-Cartmill
Edmond Hamilton,Edmond-Hamilton
John D MacDonald,John-D-MacDonald
Pierre Barbet,Pierre-Barbet
E E Doc Smith,E-E-Doc-Smith
Arthur C Clarke,Arthur-C-Clarke
Ray Bradbury,Ray-Bradbury
Ray Cummings,Ray-Cummings
Clifford D Simak,Clifford-D-Simak
Philip José Farmer,Philip-Jose-Farmer
Stanislaw Lem,Stanislaw-Lem
E E Doc Smith,E-E-Doc-Smith
Lester del Rey,Lester-del-Rey
Clifford D Simak,Clifford-D-Simak
Philip José Farmer,Philip-Jose-Farmer
Robert A Heinlein,Robert-A-Heinlein
Albert Crémieux,Albert-Cremieux
E E Doc Smith,E-E-Doc-Smith
Randall Garrett,Randall-Garrett
Philip José Farmer,Philip-Jose-Farmer
Philip José Farmer,Philip-Jose-Farmer
Clifford D Simak,Clifford-D-Simak
E E Doc Smith,E-E-Doc-Smith
Ursula K LeGuin,Ursula-K-LeGuin
Isaac Asimov,Isaac-Asimov
Clifford D Simak,Clifford-D-Simak
Clifford D Simak,Clifford-D-Simak
Isaac Asimov,Isaac-Asimov
Michael Kurland,Michael-Kurland
Arthur C Clarke,Arthur-C-Clarke
Arthur C Clarke,Arthur-C-Clarke
Philip José Farmer,Philip-Jose-Farmer
Ursula K LeGuin,Ursula-K-LeGuin
A E Van Vogt,A-E-Van-Vogt
Clifford D Simak,Clifford-D-Simak
Clifford D Simak,Clifford-D-Simak
E E Doc Smith,E-E-Doc-Smith
Philip José Farmer,Philip-Jose-Farmer
Fredric Brown,Fredric-Brown
Philip José Farmer,Philip-Jose-Farmer
Philip José Farmer,Philip-Jose-Farmer
Robert Silverberg,Robert-Silverberg
Ursula K LeGuin,Ursula-K-LeGuin
Robert A Heinlein,Robert-A-Heinlein
Robert A Heinlein,Robert-A-Heinlein
Robert A Heinlein,Robert-A-Heinlein
Anne McCaffrey,Anne-McCaffrey
Anne McCaffrey,Anne-McCaffrey
Anne McCaffrey,Anne-McCaffrey
Edmond Hamilton,Edmond-Hamilton
Robert A Heinlein,Robert-A-Heinlein
Philip K Dick,Philip-K-Dick
Philip K Dick,Philip-K-Dick
E E Doc Smith,E-E-Doc-Smith
Gordon R Dickson,Gordon-R-Dickson
Marion Zimmer Bradley,Marion-Zimmer-Bradley
Philip K Dick,Philip-K-Dick
Bob Shaw,Bob-Shaw
Arkadi Strugatski,Arkadi-Strugatski
Arkadi Strugatski,Arkadi-Strugatski
Philip K Dick,Philip-K-Dick
A E Van Vogt,A-E-Van-Vogt
Jack Vance,Jack-Vance
Clifford D Simak,Clifford-D-Simak
Clifford D Simak,Clifford-D-Simak
E E Doc Smith,E-E-Doc-Smith
Anne McCaffrey,Anne-McCaffrey
Anne McCaffrey,Anne-McCaffrey
Philip K Dick,Philip-K-Dick
Arthur C Clarke,Arthur-C-Clarke
Philip José Farmer,Philip-Jose-Farmer
Ursula K LeGuin,Ursula-K-LeGuin
Francis Carsac,Francis-Carsac
vários,varios
William Rollo,William-Rollo
William Rollo,William-Rollo
Clifford D Simak,Clifford-D-Simak
Poul Anderson,Poul-Anderson
James P Hogan,James-P-Hogan
James P Hogan,James-P-Hogan
vários,varios
Philip K Dick,Philip-K-Dick
Jack Vance,Jack-Vance
Ray Bradbury,Ray-Bradbury
Bob Shaw,Bob-Shaw
Ray Bradbury,Ray-Bradbury
Ray Bradbury,Ray-Bradbury
Brian Aldiss,Brian-Aldiss
Arthur C Clarke,Arthur-C-Clarke
Robert Sheckley,Robert-Sheckley
Philip K Dick,Philip-K-Dick
E E Doc Smith,E-E-Doc-Smith
Clifford D Simak,Clifford-D-Simak
Robert Silverberg,Robert-Silverberg
Clifford D Simak,Clifford-D-Simak
Philip José Farmer,Philip-Jose-Farmer
Philip José Farmer,Philip-Jose-Farmer
Philip K Dick,Philip-K-Dick
Philip José Farmer,Philip-Jose-Farmer
Bob Shaw,Bob-Shaw
Larry Niven,Larry-Niven
Roger Zelazny,Roger-Zelazny
Anne McCaffrey,Anne-McCaffrey
Anne McCaffrey,Anne-McCaffrey
Arthur Conan Doyle,Arthur-Conan-Doyle
Alfred Bester,Alfred-Bester
James Blish,James-Blish
Paul Cook,Paul-Cook
Paul Cook,Paul-Cook
Harry Harrison,Harry-Harrison
Brian Aldiss,Brian-Aldiss
Frederik Pohl,Frederik-Pohl
Frederik Pohl,Frederik-Pohl
Arthur Conan Doyle,Arthur-Conan-Doyle
A E Van Vogt,A-E-Van-Vogt
Clifford D Simak,Clifford-D-Simak
Clifford D Simak,Clifford-D-Simak
Paul French,Paul-French
Harry Harrison,Harry-Harrison
L Sprague de Camp,L-Sprague-de-Camp
Bob Shaw,Bob-Shaw
Jack Vance,Jack-Vance
Poul Anderson,Poul-Anderson
Frederik Pohl,Frederik-Pohl
Frederik Pohl,Frederik-Pohl
A E Van Vogt,A-E-Van-Vogt
Clifford D Simak,Clifford-D-Simak
Brian Aldiss,Brian-Aldiss
Isaac Asimov,Isaac-Asimov
Ursula K LeGuin,Ursula-K-LeGuin
Paul Cook,Paul-Cook
Harry Harrison,Harry-Harrison
Bob Shaw,Bob-Shaw
Harry Turtledove,Harry-Turtledove
Harry Turtledove,Harry-Turtledove
vários,varios
James P Hogan,James-P-Hogan
Frederik Pohl,Frederik-Pohl
Robert A Heinlein,Robert-A-Heinlein
Pierre Versins,Pierre-Versins
Robert A Heinlein,Robert-A-Heinlein
David J Skal,David-J-Skal
John Barnes,John-Barnes
Ursula K LeGuin,Ursula-K-LeGuin
Gordon R Dickson,Gordon-R-Dickson
Frederik Pohl,Frederik-Pohl
John Sladek,John-Sladek
Philip K Dick,Philip-K-Dick
Frank Herbert,Frank-Herbert
Gordon R Dickson,Gordon-R-Dickson
Robert A Heinlein,Robert-A-Heinlein
Philip K Dick,Philip-K-Dick
Ursula K LeGuin,Ursula-K-LeGuin
Richard Kadrey,Richard-Kadrey
Richard Kadrey,Richard-Kadrey
A E Van Vogt,A-E-Van-Vogt
vários,varios
Chris Claremont,Chris-Claremont
Robert Silverberg,Robert-Silverberg
John E Stith,John-E-Stith
Arthur Conan Doyle,Arthur-Conan-Doyle
Murray Leinster,Murray-Leinster
C M Kornbluth,C-M-Kornbluth
Gordon R Dickson,Gordon-R-Dickson
Gordon R Dickson,Gordon-R-Dickson
James Blish,James-Blish
Isaac Asimov,Isaac-Asimov
Frederik Pohl,Frederik-Pohl
Frederik Pohl,Frederik-Pohl
Gordon R Dickson,Gordon-R-Dickson
A Bertram Chandler,A-Bertram-Chandler
Bob Shaw,Bob-Shaw
Bob Shaw,Bob-Shaw
Christian Russel,Christian-Russel
Poul Anderson,Poul-Anderson
John Sladek,John-Sladek
Harry Harrison,Harry-Harrison
Gordon R Dickson,Gordon-R-Dickson
Gordon R Dickson,Gordon-R-Dickson
Fritz Leiber,Fritz-Leiber
Brian Aldiss,Brian-Aldiss
Ray Bradbury,Ray-Bradbury
Ray Bradbury,Ray-Bradbury
John Brunner,John-Brunner
Clifford D Simak,Clifford-D-Simak
John E Stith,John-E-Stith
John E Stith,John-E-Stith
Gordon R Dickson,Gordon-R-Dickson
James Blish,James-Blish
Robert Sheckley,Robert-Sheckley
Arthur Conan Doyle,Arthur-Conan-Doyle
James Blish,James-Blish
Philip K Dick,Philip-K-Dick
Philip K Dick,Philip-K-Dick
Leigh Brackett,Leigh-Brackett
Maurice Vernon,Maurice-Vernon
S N Lewitt,S-N-Lewitt
Roger Zelazny,Roger-Zelazny
Robert Silverberg,Robert-Silverberg
James Blish,James-Blish
Gordon R Dickson,Gordon-R-Dickson
Gordon R Dickson,Gordon-R-Dickson
Philip K Dick,Philip-K-Dick
Philip José Farmer,Philip-Jose-Farmer
James Blish,James-Blish
Bob Shaw,Bob-Shaw
John D MacDonald,John-D-MacDonald
Bob Shaw,Bob-Shaw
Philip K Dick,Philip-K-Dick
Gordon R Dickson,Gordon-R-Dickson
James Blish,James-Blish
James Blish,James-Blish
Frederik Pohl,Frederik-Pohl
A E Van Vogt,A-E-Van-Vogt
Bob Shaw,Bob-Shaw
Bob Shaw,Bob-Shaw
James Blish,James-Blish
C H Badet,C-H-Badet
Lester del Rey,Lester-del-Rey
John Sladek,John-Sladek
John Sladek,John-Sladek
Philip José Farmer,Philip-Jose-Farmer
James Blish,James-Blish
C J Cherryh,C-J-Cherryh
C J Cherryh,C-J-Cherryh
Bob Shaw,Bob-Shaw
Anne McCaffrey,Anne-McCaffrey
Frederik Pohl,Frederik-Pohl
Fredric Brown,Fredric-Brown
Frederik Pohl,Frederik-Pohl
Philip José Farmer,Philip-Jose-Farmer
James Blish,James-Blish
Brian Aldiss,Brian-Aldiss
Brian Aldiss,Brian-Aldiss
Bob Shaw,Bob-Shaw
Arthur C Clarke,Arthur-C-Clarke
Anne McCaffrey,Anne-McCaffrey
Anne McCaffrey,Anne-McCaffrey
Frederik Pohl,Frederik-Pohl
Yves Dermèze,Yves-Dermeze
Frederik Pohl,Frederik-Pohl
Gordon R Dickson,Gordon-R-Dickson
Isidore Haiblum,Isidore-Haiblum
Robert Asprin,Robert-Asprin
Robert Asprin,Robert-Asprin
Philip José Farmer,Philip-Jose-Farmer
Anne McCaffrey,Anne-McCaffrey
Edmund Cooper,Edmund-Cooper
Clifford D Simak,Clifford-D-Simak
Clifford D Simak,Clifford-D-Simak
Richard Matheson,Richard-Matheson
Brian Aldiss,Brian-Aldiss
Frederik Pohl,Frederik-Pohl
Frederik Pohl,Frederik-Pohl
James Blish,James-Blish
Isidore Haiblum,Isidore-Haiblum
Isidore Haiblum,Isidore-Haiblum
James Blish,James-Blish
Poul Anderson,Poul-Anderson
James Blish,James-Blish
James Blish,James-Blish
P A Hourey,P-A-Hourey
Brian Aldiss,Brian-Aldiss
James Blish,James-Blish
Gregory Benford,Gregory-Benford
Gregory Benford,Gregory-Benford
C J Cherryh,C-J-Cherryh
C J Cherryh,C-J-Cherryh
Gregory Benford,Gregory-Benford
Gregory Benford,Gregory-Benford
Brian Aldiss,Brian-Aldiss
Brian Aldiss,Brian-Aldiss
Jimmy Guieu,Jimmy-Guieu
Paul French,Paul-French
Frederik Pohl,Frederik-Pohl
Anne McCaffrey,Anne-McCaffrey
Isidore Haiblum,Isidore-Haiblum
Isidore Haiblum,Isidore-Haiblum
Robert Asprin,Robert-Asprin
Robert Asprin,Robert-Asprin
Brian Aldiss,Brian-Aldiss
Frank M Robinson,Frank-M-Robinson
Frank M Robinson,Frank-M-Robinson
Ray Bradbury,Ray-Bradbury
Adrien Sobra,Adrien-Sobra
Robert Asprin,Robert-Asprin
Robert Asprin,Robert-Asprin
Robert Silverberg,Robert-Silverberg
Poul Anderson,Poul-Anderson
James Blish,James-Blish
Hunt Collins,Hunt-Collins
Robert Sheckley,Robert-Sheckley
Ray Cummings,Ray-Cummings
Murray Leinster,Murray-Leinster
Bertram Chandler,Bertram-Chandler
Jean-Gaston Vandel,Jean-Gaston-Vandel
Poul Anderson,Poul-Anderson
Roger Zelazny,Roger-Zelazny
Murray Leinster,Murray-Leinster
C J Cherryh,C-J-Cherryh
Brian Aldiss,Brian-Aldiss
C J Cherryh,C-J-Cherryh
C J Cherryh,C-J-Cherryh
Roger Zelazny,Roger-Zelazny
C J Cherryh,C-J-Cherryh
C J Cherryh,C-J-Cherryh
J H Rosny Aîné,J-H-Rosny-Aine
Anne McCaffrey,Anne-McCaffrey
Anne McCaffrey,Anne-McCaffrey
James Blish,James-Blish
Anne McCaffrey,Anne-McCaffrey
Anne McCaffrey,Anne-McCaffrey
Tricia Sullivan,Tricia-Sullivan
Tricia Sullivan,Tricia-Sullivan
Anne McCaffrey,Anne-McCaffrey
Anne McCaffrey,Anne-McCaffrey
Maureen F McHugh,Maureen-F-McHugh
Stefan Wul,Stefan-Wul
Maureen F McHugh,Maureen-F-McHugh
Roger Zelazny,Roger-Zelazny
Robert Silverberg,Robert-Silverberg
Robert Silverberg,Robert-Silverberg
Brian Aldiss,Brian-Aldiss
Brian Aldiss,Brian-Aldiss
Roger Zelazny,Roger-Zelazny
Brian Aldiss,Brian-Aldiss
Brian Aldiss,Brian-Aldiss
Brian Aldiss,Brian-Aldiss
Ray Bradbury,Ray-Bradbury
Brian Aldiss,Brian-Aldiss
Pat Cadigan,Pat-Cadigan
Pat Cadigan,Pat-Cadigan
William Rollo,William-Rollo
Isidore Haiblum,Isidore-Haiblum
Bulwer Lytton,Bulwer-Lytton
Roger Zelazny,Roger-Zelazny
Roger Zelazny,Roger-Zelazny
Isidore Haiblum,Isidore-Haiblum
Roger Zelazny,Roger-Zelazny
Stefan Wul,Stefan-Wul
Isidore Haiblum,Isidore-Haiblum
Márcia Guimarães,Marcia-Guimaraes
Isidore Haiblum,Isidore-Haiblum
Frank Herbert,Frank-Herbert
Paul French,Paul-French
L Sprague de Camp,L-Sprague-de-Camp
C M Kornbluth,C-M-Kornbluth
Ray Bradbury,Ray-Bradbury
Stefan Wul,Stefan-Wul
Daniel Drode,Daniel-Drode
A E Van Vogt,A-E-Van-Vogt
Robert A Heinlein,Robert-A-Heinlein
Stefan Wul,Stefan-Wul
Charles Eric Maine,Charles-Eric-Maine
Kurt Steiner,Kurt-Steiner
Theodore Sturgeon,Theodore-Sturgeon
Fredric Brown,Fredric-Brown
E C Tubb,E-C-Tubb
F G Rayer,F-G-Rayer
Isaac Asimov,Isaac-Asimov
John Wyndham,John-Wyndham
Stefan Wul,Stefan-Wul
Leonid Onochko,Leonid-Onochko
E C Tubb,E-C-Tubb
Mordecai Roshwald,Mordecai-Roshwald
Stefan Wul,Stefan-Wul
John Wyndham,John-Wyndham
Clifford D Simak,Clifford-D-Simak
A Higon,A-Higon
Paul French,Paul-French
Francis Carsac,Francis-Carsac
Jean Hougron,Jean-Hougron
Gérard Klein,Gerard-Klein
Jérome Sériel,Jerome-Seriel
Fred Hoyle,Fred-Hoyle
Stefan Wul,Stefan-Wul
Isaac Asimov,Isaac-Asimov
Edmund Cooper,Edmund-Cooper
Jimmy Guieu,Jimmy-Guieu
Isaac Asimov,Isaac-Asimov
A E Van Vogt,A-E-Van-Vogt
Stefan Wul,Stefan-Wul
A E Van Vogt,A-E-Van-Vogt
Edmond Hamilton,Edmond-Hamilton
Ray Bradbury,Ray-Bradbury
Arthur C Clarke,Arthur-C-Clarke
Arthur C Clarke,Arthur-C-Clarke
Charles Eric Maine,Charles-Eric-Maine
Ray Bradbury,Ray-Bradbury
Fred Hoyle,Fred-Hoyle
Mordecai Roshwald,Mordecai-Roshwald
Lima de Freitas,Lima-de-Freitas
J Elliot,J-Elliot
Jack Williamson,Jack-Williamson
Jack Williamson,Jack-Williamson
Rosel George Brown,Rosel-George-Brown
Jack Williamson,Jack-Williamson
Geoffrey Hoyle,Geoffrey-Hoyle
C M Kornbluth,C-M-Kornbluth
C M Kornbluth,C-M-Kornbluth
C M Kornbluth,C-M-Kornbluth
C M Kornbluth,C-M-Kornbluth
Geoffrey Hoyle,Geoffrey-Hoyle
Jean Crémieux,Jean-Cremieux
Roger Zelazny,Roger-Zelazny
Boris Strugatski,Boris-Strugatski
Boris Strugatski,Boris-Strugatski
Isaac Asimov,Isaac-Asimov
Isaac Asimov,Isaac-Asimov
Isaac Asimov,Isaac-Asimov
Isaac Asimov,Isaac-Asimov
Shawna McCarthy,Shawna-McCarthy
Jack Williamson,Jack-Williamson
Jack Williamson,Jack-Williamson
Robert Lowndes,Robert-Lowndes
J Elliot,J-Elliot
Bruce Sterling,Bruce-Sterling
